file_name,hu_name
IMG_20240628_140518.jpg,佛手壶
IMG_20240628_140527.jpg,风卷葵壶
IMG_20240628_140533.jpg,云龙壶
IMG_20240628_140538.jpg,云龙壶
IMG_20240628_140547.jpg,提梁壶
IMG_20240628_140556.jpg,秦权壶
IMG_20240628_140601.jpg,塔竹方壶
IMG_20240628_140609.jpg,号瓜壶
IMG_20240628_140623.jpg,合梅壶
IMG_20240628_140632.jpg,四季如意壶
IMG_20240628_140640.jpg,三叉提梁壶
IMG_20240628_140645.jpg,三足炉壶
IMG_20240628_140653.jpg,弧方壶
IMG_20240628_140700.jpg,双色木瓜壶
IMG_20240628_140710.jpg,柿圆壶
IMG_20240628_140722.jpg,四方传炉壶
IMG_20240628_140729.jpg,半月壶
IMG_20240628_140737.jpg,传炉壶
IMG_20240628_140740.jpg,水平壶
IMG_20240628_140745.jpg,牛盖壶
IMG_20240628_140750.jpg,方钟壶
IMG_20240628_140756.jpg,仿古壶
IMG_20240628_140805.jpg,扁线圆壶
IMG_20240628_140812.jpg,上合桃壶
IMG_20240628_140820.jpg,方钟壶
IMG_20240628_140826.jpg,洋桶壶
IMG_20240628_140834.jpg,汉扁壶
IMG_20240628_140845.jpg,蜂菊壶
IMG_20240628_140855.jpg,瓦当壶
IMG_20240628_140903.jpg,梅花周盘壶
IMG_20240628_140935.jpg,直嘴龙蛋壶
IMG_20240628_140939.jpg,龙嘴辫钮鼓形紫砂壶
IMG_20240628_140954.jpg,万寿香妃竹方壶
IMG_20240628_141001.jpg,白泥堆绘高灯笼壶
IMG_20240628_141006.jpg,紫泥橄榄形大壶（美人肩壶）
IMG_20240628_141020.jpg,点彩壶
IMG_20240628_141029.jpg,贴花壶
IMG_20240628_141035.jpg,八方狮纽龙把壶
IMG_20240628_141040.jpg,贴花方壶
IMG_20240628_141045.jpg,兽钮壶
IMG_20240628_141049.jpg,多穆壶（僧帽壶）
IMG_20240628_141054.jpg,童子执莲纹高升壶
IMG_20240628_141109.jpg,四方祥狮壶
IMG_20240628_141114.jpg,绘彩釉灯笼壶
IMG_20240628_141122.jpg,竹节捆壶
IMG_20240628_141130.jpg,宫灯壶
IMG_20240628_141136.jpg,汤婆壶
IMG_20240628_141137.jpg,汤婆壶
IMG_20240628_141154.jpg,大彬式大竹提梁壶
IMG_20240628_141205.jpg,螨龙钮紫泥四方大壶
IMG_20240628_141249.jpg,汉君壶
IMG_20240628_141254.jpg,摄只壶
IMG_20240628_141259.jpg,蛋包壶
IMG_20240628_141306.jpg,乳顶壶
IMG_20240628_141313.jpg,摄球壶
IMG_20240628_141318.jpg,瓦当壶
IMG_20240628_141324.jpg,印包壶
IMG_20240628_141329.jpg,水磨提梁壶
IMG_20240628_141333.jpg,折肩抛光提梁壶
IMG_20240628_141338.jpg,水磨提梁壶
IMG_20240628_141341.jpg,钟式壶
IMG_20240628_141352.jpg,莲子壶
IMG_20240628_141358.jpg,捆竹壶
IMG_20240628_141401.jpg,竹段壶
IMG_20240628_141410.jpg,点彩提梁壶
IMG_20240628_141415.jpg,福寿壶
IMG_20240628_141422.jpg,福禄寿壶
IMG_20240628_141431.jpg,菊瓣壶
IMG_20240628_141437.jpg,方竹壶
IMG_20240628_141441.jpg,钵孟提梁壶
IMG_20240628_141451.jpg,军壶
IMG_20240628_141458.jpg,直嘴梨形壶
IMG_20240628_141502.jpg,水平壶
IMG_20240628_141508.jpg,朱泥小圆壶
IMG_20240628_141513.jpg,竹节提梁壶
IMG_20240628_141518.jpg,紫砂内胆锡包壶
IMG_20240628_141526.jpg,朱泥水平壶
IMG_20240628_141532.jpg,点彩百果壶
IMG_20240628_141539.jpg,墨绘仿古水扁壶
IMG_20240628_141545.jpg,墨绘百果壶
IMG_20240628_141553.jpg,莲子壶
IMG_20240628_141558.jpg,玉扁壶
IMG_20240628_141602.jpg,砖方壶
IMG_20240628_141607.jpg,乳鼎壶
IMG_20240628_141616.jpg,参汤壶
IMG_20240628_141620.jpg,井栏壶
IMG_20240628_141627.jpg,井栏壶
IMG_20240628_141631.jpg,博浪锥壶
IMG_20240628_141644.jpg,抛光朱泥壶
IMG_20240628_141654.jpg,穿心铫
IMG_20240628_141700.jpg,竹节圆壶
IMG_20240628_141708.jpg,方础壶
IMG_20240628_141728.jpg,双线竹鼓壶
IMG_20240628_141736.jpg,八方套壶
IMG_20240628_141741.jpg,鼓钉牛盖壶
IMG_20240628_141751.jpg,梅桩壶
IMG_20240628_141755.jpg,供春壶（半老壶）
IMG_20240628_141802.jpg,荷叶莲蓬壶
IMG_20240628_141814.jpg,合欢壶
IMG_20240628_141827.jpg,塔竹壶
IMG_20240628_141832.jpg,柿扁壶
IMG_20240628_141841.jpg,东坡提梁壶
IMG_20240628_141848.jpg,合菱壶
IMG_20240628_141853.jpg,鱼化龙套壶
IMG_20240628_142101.jpg,红泥高圆壶
IMG_20240628_142105.jpg,矮菊瓣壶
IMG_20240628_142123.jpg,温参壶
IMG_20240628_142131.jpg,四方砂壶
IMG_20240628_142140.jpg,梅段壶
IMG_20240628_142143.jpg,六棱暖酒壶
IMG_20240628_142148.jpg,井栏式壶
IMG_20240628_142151.jpg,白泥扁腹壶
IMG_20240628_142159.jpg,披肩鼓腹壶
IMG_20240628_142202.jpg,海棠红砂葫芦壶
IMG_20240628_142212.jpg,壶
IMG_20240628_142253.jpg,直嘴提梁壶
IMG_20240628_142257.jpg,鱼化龙壶
IMG_20240628_142304.jpg,钟式壶
IMG_20240628_142307.jpg,直筒壶
IMG_20240628_142313.jpg,百果壶
IMG_20240628_142318.jpg,高菊瓣式壶
IMG_20240628_142322.jpg,红泥鼓腹壶
IMG_20240628_142326.jpg,双筒壶
IMG_20240628_142332.jpg,蓝釉汉方壶
IMG_20240628_142336.jpg,扁壶
IMG_20240628_142344.jpg,荷叶壶
IMG_20240628_142349.jpg,黑砂寿星壶
IMG_20240628_142352.jpg,蛋包壶
IMG_20240628_142355.jpg,暖座式砂壶
IMG_20240628_142407.jpg,黑地龙银汉有量
IMG_20240628_142751.jpg,四方传炉壶
IMG_20240628_142802.jpg,竹节扁壶
IMG_20240628_142809.jpg,竹节黑砂壶
IMG_20240628_142815.jpg,佛手壶
IMG_20240628_142821.jpg,佛手壶
IMG_20240628_142825.jpg,莲蓬壶
IMG_20240628_142835.jpg,仿古壶
IMG_20240628_142844.jpg,石瓢壶
IMG_20240628_142850.jpg,竹节扁壶
IMG_20240628_142857.jpg,红泥扁腹壶
IMG_20240628_142900.jpg,鼓腹壶
IMG_20240628_142905.jpg,鱼化龙壶
IMG_20240628_142908.jpg,鱼化龙壶
IMG_20240628_142912.jpg,竹节壶
IMG_20240628_142914.jpg,梁式壶
IMG_20240628_142921.jpg,东坡提梁式壶
IMG_20240628_142925.jpg,东坡提梁式壶
IMG_20240628_142928.jpg,仿古壶
IMG_20240628_142932.jpg,折肩式壶
IMG_20240628_142936.jpg,鼓腹壶
IMG_20240628_142949.jpg,竹节壶
IMG_20240628_142955.jpg,菊蕊壶
IMG_20240628_142959.jpg,柿扁壶
IMG_20240628_143006.jpg,方型软提梁壶
IMG_20240628_143013.jpg,狮球壶
IMG_20240628_143017.jpg,牛耳洋桶壶
IMG_20240628_143021.jpg,四方传炉壶
IMG_20240628_143025.jpg,狮球壶
IMG_20240628_143029.jpg,雪桃壶
IMG_20240628_143034.jpg,大方壶
IMG_20240628_143039.jpg,洋桶壶
IMG_20240628_143043.jpg,黑洋桶式壶
IMG_20240628_143048.jpg,弧方壶
IMG_20240628_143051.jpg,八卦捆竹壶
IMG_20240628_143055.jpg,鼓形烫酒壶
IMG_20240628_143106.jpg,四方传炉壶
IMG_20240628_143144.jpg,绿泥大口扁腹壶
IMG_20240628_143150.jpg,方钟壶
IMG_20240628_143154.jpg,线圆壶
IMG_20240628_143200.jpg,石榴水注
IMG_20240628_143204.jpg,白泥柿扁壶
IMG_20240628_143212.jpg,汉扁壶
IMG_20240628_143216.jpg,橄榄壶
IMG_20240628_143230.jpg,红泥仿古壶
IMG_20240628_143243.jpg,红泥仿古壶
IMG_20240628_143248.jpg,国光壶一套（5件）
IMG_20240628_143259.jpg,狮球壶
IMG_20240628_143304.jpg,四方壶
IMG_20240628_143307.jpg,红泥仿古壶
IMG_20240628_143321.jpg,高竹节壶
IMG_20240628_143325.jpg,白泥寿桃壶
IMG_20240628_143329.jpg,合欢式壶
IMG_20240628_143333.jpg,汉扁壶
IMG_20240628_143343.jpg,酒壶
IMG_20240628_143407.jpg,茄式壶
IMG_20240628_143417.jpg,茄式壶
IMG_20240628_143425.jpg,双筒壶
IMG_20240628_143434.jpg,瓦当壶
IMG_20240628_143437.jpg,高灯壶
IMG_20240628_143457.jpg,牛盖洋桶壶
IMG_20240628_143514.jpg,太极一捆竹砂壶
IMG_20240628_143517.jpg,古狮球盖钮壶
IMG_20240628_143520.jpg,蓝釉软提梁壶
IMG_20240628_143525.jpg,汉君式壶
IMG_20240628_143530.jpg,六方软提梁壶
IMG_20240628_143537.jpg,梅桩壶
IMG_20240628_143543.jpg,彩釉壶
IMG_20240628_143552.jpg,汉君式壶
IMG_20240628_143556.jpg,蛋包壶
IMG_20240628_143609.jpg,直嘴提梁壶
IMG_20240628_143618.jpg,松鼠葡萄壶
IMG_20240628_143623.jpg,黑砂石飘壶
IMG_20240628_143634.jpg,提梁壶
IMG_20240628_143640.jpg,泥绘扁腹壶
IMG_20240628_143645.jpg,黑砂扁圆壶
IMG_20240628_143654.jpg,莲子壶
IMG_20240628_143659.jpg,钟式壶
IMG_20240628_143705.jpg,点彩壶
IMG_20240628_143710.jpg,高圆式壶
IMG_20240628_143718.jpg,点彩直筒壶
IMG_20240628_143722.jpg,点彩直筒壶
IMG_20240628_143730.jpg,点彩六方井栏式壶
IMG_20240628_143738.jpg,彩绘酒壶四杯
IMG_20240628_143743.jpg,彩提梁壶
IMG_20240628_143749.jpg,彩釉汉方壶
IMG_20240628_143753.jpg,蟠螨壶
IMG_20240628_143758.jpg,朱泥水平壶
IMG_20240628_143808.jpg,提梁壶
IMG_20240628_143813.jpg,四方桥顶壶
IMG_20240628_143817.jpg,直筒式壶
IMG_20240628_143822.jpg,四方竹节壶
IMG_20240628_143826.jpg,四方桥鼎壶
IMG_20240628_143841.jpg,莲子壶
IMG_20240628_144054.jpg,提量茶具
IMG_20240628_144119.jpg,井栏壶
IMG_20240628_144129.jpg,三足水平壶
IMG_20240628_144156.jpg,汉云壶
IMG_20240628_144220.jpg,水平壶
IMG_20240628_144231.jpg,六方水平壶
IMG_20240628_144249.jpg,僧帽壶
IMG_20240628_144305.jpg,韵尊壶
IMG_20240628_144322.jpg,仿鼓如意壶
IMG_20240628_144327.jpg,三线糖缸
IMG_20240628_145125.jpg,天书壶
IMG_20240628_145131.jpg,“春花无数”壶
IMG_20240628_145135.jpg,“才鬼博人”壶
IMG_20240628_145139.jpg,小猪壶
IMG_20240628_145142.jpg,天书壶
IMG_20240628_145146.jpg,“闲话少说”壶
IMG_20240628_145151.jpg,“龙行九天”壶
IMG_20240628_145156.jpg,“行苦”壶
IMG_20240628_145206.jpg,“有口无心”壶
IMG_20240628_145211.jpg,天书壶
IMG_20240628_145218.jpg,“紫泥流清”壶
IMG_20240628_145228.jpg,天书壶
IMG_20240628_145238.jpg,“丁山人”天书壶
IMG_20240628_145247.jpg,“冲洗千古”壶
IMG_20240628_145254.jpg,天书壶
IMG_20240628_145257.jpg,天书壶
IMG_20240628_145312.jpg,天书壶
IMG_20240628_145318.jpg,天书壶
IMG_20240628_145321.jpg,天书壶
IMG_20240628_145327.jpg,“自力以致”壶
IMG_20240628_145330.jpg,天书壶
IMG_20240628_145343.jpg,天书壶
IMG_20240628_145346.jpg,“净悟”壶
IMG_20240628_145346_1.jpg,“净悟”壶
IMG_20240628_145355.jpg,壶
IMG_20240628_145358.jpg,“自有乐处”壶
IMG_20240628_145414.jpg,天书壶
IMG_20240628_145419.jpg,“丁一卯二”壶
IMG_20240628_145458.jpg,天书壶
IMG_20240628_145512.jpg,天下为公”壶
IMG_20240628_145516.jpg,“长乐”壶
IMG_20240628_145529.jpg,“无量”壶
IMG_20240628_145538.jpg,子母小猪壶
IMG_20240628_145543.jpg,天书壶
IMG_20240628_145551.jpg,“吉祥”壶
IMG_20240628_145556.jpg,“有容”壶
IMG_20240628_145600.jpg,上下五千年”壶
IMG_20240628_145606.jpg,生佛”壶
IMG_20240628_145613.jpg,天书壶
IMG_20240628_145618.jpg,“光明磊落”壶
IMG_20240628_145621.jpg,小猪壶
IMG_20240628_145625.jpg,天书壶
IMG_20240628_145628.jpg,“—轮红日”壶
